time[s],xPos[m],yPos[m],zPos[m],speed[m/s],speed protern[m/s],acceleration[m/s^2],vx[m/s],vy[m/s],vz[m/s],ax[m/s^2],ay[m/s^2],az[m/s^2],aCourse[m/s^2],aCentripetal[m/s^2],Ekin[J],Epot [J],Pkin[W],Ppot[W],Curvature
0,-2.74333074019064,-2.63542187430388,2060.98,12.7012670564628,12.2222222222222,1.02143792952923,9.29412473988585,8.43842144562799,-1.93247863248071,0.248676652777216,0.00957005034665623,-0.990658256100883,0.339053878778497,0.959585308595095,6461.68996297067,70304.5792447559,405.126381153027,-1553.3661479789,0.00597266703357883
0.1,-1.83144046487434,-1.75694734410899,2060.93,12.7012670564628,12.4055555555556,1.02143792952923,9.29412473988585,8.43842144562799,-1.93247863248071,0.248676652777216,0.00957005034665623,-0.990658256100883,0.339053878778497,0.959585308595095,6447.40195269212,70230.7641398608,405.126381153027,-1553.3661479789,0.00597266703357883
0.2,-0.911889711921133,-0.867354859738253,2060.82,12.7012670564628,12.5805555555556,1.02143792952923,9.29412473988585,8.43842144562799,-1.93247863248071,0.248676652777216,0.00957005034665623,-0.990658256100883,0.339053878778497,0.959585308595095,6442.82029845906,70137.4845314693,405.126381153027,-1553.3661479789,0.00597266703357883
0.3,0,0,2060.65,12.7012670564628,12.6527777777778,1.02143792952923,9.29412473988585,8.43842144562799,-1.93247863248071,0.248676652777216,0.00957005034665623,-0.990658256100883,0.339053878778497,0.959585308595095,6445.8392697044,70025.9843916091,405.126381153027,-1553.3661479789,0.00597266703357883
0.4,0.919552309469755,0.889594742463022,2060.46,12.7012670564628,12.8055555555556,1.02143792952923,9.29412473988585,8.43842144562799,-1.93247863248071,0.248676652777216,0.00957005034665623,-0.990658256100883,0.339053878778497,0.959585308595095,6454.99413597707,69897.5076923082,405.126381153027,-1553.3661479789,0.00597266703357883
0.5,1.82377630353128,1.71246806061427,2060.27,12.7012670564628,12.5666666666667,1.02143792952923,9.29412473988585,8.43842144562799,-1.93247863248071,0.248676652777216,0.00957005034665623,-0.990658256100883,0.339053878778497,0.959585308595095,6469.06644890562,69753.2984055946,405.126381153027,-1553.3661479789,0.00597266703357883
0.6,2.75865388726256,2.54646336803498,2060.1,12.7412369743494,12.6027777777778,1.55330823605498,9.37939900948445,8.37301611225485,-2.06363636363876,0.287980490469709,0.0748290690074316,-1.52454397238536,0.508092999128756,1.4717561663181,6511.03266075576,69589.185566434,470.348144250843,-1707.82789150283,0.0090419259412604
0.7,3.71651766341556,3.36933689005753,2059.89,12.8070850694609,12.6888888888889,1.78979039545367,9.42932074694785,8.36843722188105,-2.25357420357615,0.398728175350561,-0.216890252115963,-1.73127817533084,0.456486952400743,1.74953725521845,6573.63155388549,69411.8646713287,253.653606889216,-1847.51622345055,0.0105510480425357
0.8,4.67438336712522,4.21445230826992,2059.66,12.8611211841673,12.8138888888889,1.64679271401973,9.45767372605816,8.36159084033773,-2.4585858585874,0.801670242914224,-1.00096735877224,-1.03310958336802,0.136243542202398,1.64674555735446,6609.13967837235,69224.8664055947,-140.581367995476,-1920.74342804014,0.00992178609655884
0.9,5.6245857797622,5.0595677751948,2059.41,12.8932488092585,12.8861111111111,2.94793761537478,9.54659449036056,8.2831606373391,-2.54708624708701,1.63858948441242,-2.35731500038798,0.669646678973633,-0.433460751922851,2.91609235949841,6617.93430922823,69033.2215384622,-535.71184282537,-1881.95974016578,0.0175407138615642
1,6.56712269183357,5.86020168274482,2059.12,12.7888985227863,12.8194444444444,5.89250699110151,9.71565874584214,7.95172389631806,-2.43556721056758,2.89336664735838,-4.32051219536225,2.7718662402541,-1.01616441787756,5.84722846359132,6498.11091028897,68844.3024335668,-746.032699439605,-1724.56741454353,0.0354877193539778
1.1,7.54031332172974,6.64971770396079,2058.89,12.6468229219048,12.8138888888889,9.12032315778895,10.0683770953689,7.35985158255486,-2.0982128982141,4.39623582918959,-6.717089848641,4.32829169556942,-1.12720022847927,9.09815337185313,6361.27280316947,68668.9023776225,-573.698237206529,-1466.58678240134,0.0565854572643539
1.2,8.57480472828167,7.36139280064032,2058.71,12.5931898068211,12.8138888888889,11.5522404584552,10.6167334719021,6.61893610814842,-1.43634421134496,5.69843326975511,-8.87065057842519,4.72161796374943,-0.396832803361988,11.552142722213,6347.53668813532,68543.4075524483,92.3955147068736,-1154.23574844766,0.0728011661988173
1.3,9.67826480591788,7.97299063019431,2058.59,12.6439854343271,12.7555555555556,12.5658012614737,11.2671282556044,5.66981573323274,-0.880555555556723,6.42996454176478,-10.167367614556,3.63036542581852,0.917700824660413,12.5310651186315,6412.66111684978,68449.4510769235,1105.54885164485,-867.386276101629,0.0783900484679341
1.4,10.8277025752428,8.47338928159073,2058.51,12.7957881199407,12.7333333333333,12.1068879200679,11.9360847737651,4.56430787416137,-0.655108780109684,6.41362750981148,-10.185833322112,1.30035257089257,2.28281757772307,11.9409500702465,6563.46235152761,68373.4773146853,2164.54425119093,-694.684413907321,0.0726168831430322
1.5,12.0614295328712,8.88482803758315,2058.48,13.0508353621424,12.9583333333333,10.621123076968,12.5518872815048,3.50148149131048,-0.716977466979371,5.61926034888886,-8.88924014620881,-1.48780985698345,3.10122208122628,10.2677237761446,6823.3250501483,68312.5409790218,2835.33558073836,-689.945569302786,0.0596408204014361
1.6,13.3487999292211,9.24066849950758,2058.5,13.3783381040056,13.2,8.63431866304748,13.0644444644993,2.69935164299853,-1.00683760683845,4.33093230162898,-6.47083714694062,-3.73132024778498,3.20450812838699,8.11920139077207,7166.45605078888,68243.0431888114,3021.66789064209,-857.981612467475,0.0447963197878843
1.7,14.6668185809139,9.40746975580513,2058.25,13.6846357901079,13.3305555555556,6.35614467803285,13.4205125809327,2.2148986136283,-1.50110722610897,2.8626976571524,-3.41227826858482,-4.53452250072301,2.75256313630469,5.77800408728041,7485.75286215631,68146.3975384621,2784.15254506311,-1144.80983454778,0.0305934937390186
1.8,16.0308177829527,9.5853917933445,2058.05,13.928767559458,13.6194444444444,4.64074369348236,13.6245863388284,2.05125637727235,-2.04292929293148,1.44351658221394,-0.706844743305327,-4.35351954335011,1.94642699041296,4.20647196843602,7735.43300195404,68012.8168951054,2121.53004353201,-1478.43060687584,0.0217144282204988
1.9,17.410142641067,9.8189139071833,2057.89,14.0701623100149,13.8333333333333,3.81415225826417,13.6876366555267,2.14461611259083,-2.45330225330328,0.336099888790159,0.937817286794563,-3.68175135642892,1.1118649362945,3.63839404263182,7888.47320752337,67845.1733706294,1290.02719138875,-1800.09490700508,0.0184295830049122
2,18.7741378853404,10.0635554321616,2057.62,14.139016229676,13.8277777777778,3.18099997539031,13.6776307204442,2.3618759852766,-2.69364801864979,-0.259025751501922,1.51409795669637,-2.78552937177476,0.533027798956933,3.13519320809888,7984.70518941571,67643.2657342661,685.890619255461,-2070.68099727766,0.0156870361125611
2.1,20.1228101678934,10.3193176480128,2057.31,14.1382332044739,13.8027777777778,2.54250035384319,13.6166427180652,2.55755709658857,-2.81701631701679,-0.39295916423619,1.43050327220139,-2.06483692643188,0.291725883100469,2.52652124167041,8016.22217327316,67418.838545455,456.274533965441,-2281.52807993886,0.0126355155197382
2.2,21.4868048044671,10.5861995220773,2057.02,14.1443153242701,13.8722222222222,2.25611747888868,13.5521563773326,2.60428132300325,-3.10135975136114,-0.233890062046579,1.20372769611512,-1.89377959409965,0.412775206028296,2.22318519430413,8009.04705763867,67192.2161118884,548.073036896895,-2454.67484734347,0.0110867610584789
2.3,22.8431395383452,10.8530822847434,2056.73,14.1993829269772,13.8638888888889,2.47472741113552,13.5536416555891,2.65286311216547,-3.29902874902946,-0.0554606561063778,1.37752763784481,-2.05514415115424,0.681908367809338,2.39269358986445,8073.47460233891,66941.1349930072,733.804097839961,-2614.45377671263,0.011798900072277
2.4,24.1918109203513,11.1088452975266,2056.38,14.2974926068517,13.8444444444444,3.09690885482098,13.587114429748,2.8357781006624,-3.4303030303045,-0.144086750130931,2.30999142151783,-2.05767419578984,0.814922327543811,3.00714630904548,8204.48574099968,66670.4979020983,745.584538988221,-2770.33594764239,0.0146159426025013
2.5,25.5404786849492,11.3979676430181,2056.03,14.3807300663143,13.8833333333333,4.39490665534714,13.5531860090133,3.14831796675593,-3.63381895882068,-0.722001309757667,4.06109731455211,-1.5170389644503,0.591962473482597,4.36429352683047,8290.63760940734,66390.8786013989,421.591343843925,-2901.12688607469,0.0210577561500342
2.6,26.8968119152707,11.7538104804058,2055.66,14.4558301225323,14.025,6.66403583681532,13.4538658626462,3.64191158595482,-3.83418803418972,-1.90301327959998,6.38109751493706,-0.263644830954535,-0.0935697611433329,6.66390020799179,8338.26584200516,66096.5511608395,-220.979310213922,-2955.9593212386,0.0318866163987416
2.7,28.2454785057813,12.1430123929015,2055.28,14.4214061579787,14.1416666666667,9.65702241362399,13.2022093518853,4.37665309515575,-3.81097513597811,-3.60263466931522,8.8277891740958,1.53272425256506,-1.0240152843304,9.63346453437559,8274.19504159954,65799.3881958044,-908.723360814826,-2872.99533766987,0.046171348309226
2.8,29.5481700437275,12.6322944844943,2054.9,14.3064996271366,14.1333333333333,12.8497605579556,12.7753245821828,5.36366420511797,-3.56344211344491,-5.42465537287823,11.0362417131232,3.72704029114427,-1.63479058056235,12.812398937964,8134.14950688176,65513.2014545457,-1147.9371879236,-2646.99041974421,0.0622708512474988
2.9,30.7895575277899,13.1994162322971,2054.54,14.1589769748923,14.0805555555556,15.3180784324553,12.1504509996503,6.57689572358129,-3.09638694638846,-6.89607652746079,12.5229020825139,5.50132518780944,-1.30396781600459,15.3005178686779,7979.23511833041,65259.7970349651,-726.433542552517,-2300.39607641793,0.0761309523747215
3,31.9926267812489,13.9110952756124,2054.24,14.0739175672026,14.1333333333333,16.0434941036115,11.3814286184588,7.91089673587703,-2.44048174048316,-7.57415695997203,12.8058932938856,6.00291148893112,0.0320718657784045,16.0434718117009,7915.39310901244,65047.6632167835,220.389335779003,-1884.4391627946,0.0809968417849763
3.1,33.0730917395357,14.7784546953414,2054.06,14.125610489483,14.0694444444444,14.6228296398926,10.5591775928469,9.21707439164192,-1.75561383061576,-7.08903895135683,11.7983969894052,4.93664885361112,1.78579414447074,14.5783128918628,8002.37002886339,64884.0260139862,1508.87266311336,-1490.82235414862,0.0727367675351546
3.2,34.107575720364,15.77925075304,2053.9,14.3480248595412,14.2833333333333,11.6240970545374,9.86687342061466,10.3359771571072,-1.29545454545462,-5.66981857219519,9.78086065982263,2.70324886845983,2.90279913511842,11.4194846803733,8262.56330137279,64756.4640000002,2659.96017214009,-1209.83166511723,0.0546754966525151
3.3,35.050106769804,16.8801281894508,2053.81,14.6360456993468,14.3722222222222,8.16382509200711,9.39461780820297,11.1553666293092,-1.22995337995362,-3.7360129286296,7.25334395314215,-0.281512037777413,3.15396283432113,7.64890968693191,8589.01257654019,64644.4333426579,3368.33628837728,-1116.58756385807,0.0351516855764774
3.4,35.9543225120905,18.0143653624972,2053.7,14.9361574640616,14.4833333333333,5.97833901992423,9.17765771667873,11.6932379000052,-1.45862470862574,-1.80879727365217,4.73797857365195,-3.16549346794337,2.90697627299429,5.15229699082432,8937.6077451699,64535.9516643362,3503.15257098462,-1235.65006178028,0.0234166201303749
3.5,36.8508722888406,19.1930792683821,2053.54,15.2377189432012,14.6694444444444,5.71853946530888,9.16106682287201,12.0265111981049,-1.90419580419757,-0.32315578530945,2.56147000051995,-5.10256164991198,2.46502593504171,5.04542189913677,9296.21457676256,64407.5115524476,3073.73184291872,-1538.53779842574,0.0222232550037618
3.6,37.8010632996111,20.405155838534,2053.28,15.4421118735776,15.1166666666667,5.56859314281077,9.16349967038147,12.1864828795098,-2.44514374514492,0.538585835737258,0.795546085305469,-5.48509446717716,1.81594878564606,5.24128776824291,9540.35356718726,64238.6972307696,2155.3463303969,-1926.959379269,0.0220758327581736
3.7,38.7435886216115,21.6061095287866,2052.99,15.6118615974033,15.2972222222222,4.73319198938928,9.24683346855351,12.1972169716458,-3.07476689976843,1.07813077560386,-0.646335311528726,-4.56322157079685,1.03233341199074,4.64798103940818,9715.96079192464,64020.691132867,1017.79565348494,-2304.55938709298,0.0189522730467852
3.8,39.67845267153,22.8515457928697,2052.72,15.6685269277812,15.5444444444444,3.91624925911292,9.38345836710448,12.0565332111668,-3.47756410256577,1.6590227402145,-2.12784232767919,-2.83847473751141,-0.013788981357,3.90956363642073,9773.06201850281,63763.847496504,-310.8852163747,-2593.0802034325,0.0159518588110047
3.9,40.5979902159795,24.041381998667,2052.35,15.5770288761663,15.5472222222222,4.74860744075151,9.55935240107906,11.7562449812921,-3.61293706293744,2.64006992570461,-3.91132759137896,-0.529924415995675,-1.20886872391581,4.554930149482,9667.30944355166,63489.167496504,-1614.9023452478,-2729.05347025854,0.0189255064357488
4,41.5405138954007,25.1756160028642,2051.95,15.3634788588468,15.4361111111111,7.59340910851046,9.83712488140038,11.2884249158031,-3.44077311577497,4.11170908281493,-6.09853447113896,1.88721689581158,-2.27090089617986,7.27699357460242,9435.35333685406,63221.4939860144,-2572.13716210323,-2682.85351101097,0.0306981632991253
4.1,42.5826573769091,26.2653738191307,2051.57,15.1636697429841,15.4111111111111,11.0586303586074,10.327622255945,10.6284285585707,-3.21148018648104,5.76574827357088,-8.61035373307988,3.86151017677855,-2.926021437977,10.7688998392392,9180.23766875573,62961.5221258745,-2991.24920784584,-2467.15291049262,0.0463801489086485
4.2,43.6631137078221,27.2884106150885,2051.33,14.8753755127596,15.2972222222222,14.3026794535052,10.9854185407992,9.62945752076068,-2.8055167055178,7.40514877532288,-11.2041248737692,4.91914596022925,-2.71198075027755,14.1457419759719,8829.90346489816,62722.5880279723,-2554.44014560804,-2126.46248064356,0.0634644576149932
4.3,44.7665615452281,28.2224909290978,2051.1,14.6505549356616,14.9944444444444,16.9230194217476,11.8258289788491,8.36413652820944,-2.19766899767073,8.6520942155106,-13.5919439101218,5.17580068963978,-1.55225415420229,16.8897139681761,8587.22264638739,62522.8939300706,-1279.79636369762,-1732.1791670339,0.0785118179561372
4.4,45.9772910075941,29.0008932731962,2050.91,14.5893478071518,14.7361111111111,18.3539970304985,12.7493742615328,6.89328847678421,-1.66886169386331,9.07128094287478,-15.3009446372359,4.52351215973012,0.180283196351106,18.3514154778189,8522.66822738146,62372.5196643359,440.366254445159,-1359.93308882271,0.0862259423381033
4.5,47.3029610670279,29.6124964301624,2050.67,14.6975618813558,14.7361111111111,18.2513317376669,13.6369293223766,5.32476073821511,-1.30361305361359,8.49183995357929,-15.8838473662308,2.95011139576883,1.86283486555548,18.180266624118,8649.10134316017,62259.8853146857,2096.3191787856,-1084.22195347774,0.0840485040582613
4.6,48.7205915645005,30.0128244512375,2050.6,14.9933091530655,14.725,16.6600774391487,14.473769228468,3.7464057782972,-1.12861305361521,7.11844314894514,-15.0583903230969,0.361701936584548,3.08188411821693,16.4524524691724,9002.12722156442,62167.0813426575,3295.46277697203,-969.991403328606,0.0728318183446517
4.7,50.2378365674227,30.3241935386377,2050.54,15.3327353249295,15.1083333333333,14.1085181178466,15.1201079819575,2.27112474705344,-1.14764957265125,5.21844686626087,-12.8852817046794,-2.40574545134601,3.4175474624979,13.7894305155096,9422.86476047502,62068.7160839164,3641.39619481401,-1051.73331898877,0.0582252694693484
4.8,51.7627480909837,30.5354842685783,2050.4,15.6120833569339,15.375,11.0644448777564,15.4973622971901,1.11820735868511,-1.52266899767032,3.17620666099138,-9.58840786310315,-4.51620264717655,2.90657421217484,10.7448598955647,9767.70513781414,61952.5876363642,3186.04732444333,-1307.11086475245,0.0438006674071669
4.9,53.2953233272445,30.6022161351577,2050.22,15.8243271002106,15.4805555555556,8.04294234553983,15.6744953166474,0.36279981273092,-2.14193861694052,1.2861081004203,-5.41481467260108,-5.80643002102798,1.93572959798985,7.83494550473736,10017.4199046731,61805.1403636367,2191.29355082368,-1685.78081275362,0.0311750668948464
5,54.8815351190316,30.5688694623114,2049.97,15.9938440591759,15.7611111111111,6.25090753805165,15.7310542111344,0.0706331890061075,-2.88651903652091,-0.224159384378585,-0.835595648197377,-6.19074935144201,0.893120602368621,6.18659754883962,10195.7026694421,61619.0933706297,1090.06477447345,-2137.98751560831,0.0241856956320354
5.1,56.4600867941584,30.5466425885503,2049.63,16.0281684129073,15.9111111111111,6.78084575004522,15.6589279588844,0.216134546477999,-3.41371406371517,-1.09198663723256,3.51862771390756,-5.69268770274055,0.193057928526205,6.77271145933095,10250.8816935275,61379.0799440563,426.765968034782,-2605.64277014445,0.0263839599942145
5.2,58.0156445414437,30.6244946759242,2049.24,15.9825088724216,15.8388888888889,8.59527847843103,15.5007773075566,0.744006681154869,-3.82268842269028,-1.39203980509338,7.17892482666776,-4.51708707419599,0.0645008542516248,8.59123655884125,10228.0855368851,61096.2592447557,357.180343927241,-3026.77483397792,0.0336478884015968
5.3,59.5558795586552,30.7579467609424,2048.86,15.9750524190944,15.7388888888889,10.5639562206047,15.312554240263,1.68632517165426,-4.22898212898365,-1.49037151833568,9.98545703806246,-3.10911748076449,0.448557846082402,10.5515794552491,10219.6207988246,60774.344895105,607.35502512687,-3345.54174222029,0.0413571068497291
5.4,61.0807871929686,30.9914782819955,2048.45,16.0418999373065,15.6361111111111,12.0748848780001,15.1397503573964,2.81604911709088,-4.49448329448484,-1.68637125339676,11.8810653272751,-1.34137373676866,0.869922243921321,12.0503212216446,10286.1495955121,60425.2278041959,881.684135984649,-3510.74702267355,0.0467995192814741
5.5,62.5520496636986,31.3139678965217,2048.01,16.1932422429644,15.4138888888889,13.141361562332,15.0058857381034,4.03772923013649,-4.55425407925526,-2.4135534539299,12.8890538036859,0.861646959404393,0.734926494716822,13.1270457520175,10452.0595920843,60070.1469650353,687.119077170031,-3494.04609125085,0.0500371460811233
5.6,64.030976607037,31.736537717331,2047.52,16.3038155752751,15.475,14.2166537625511,14.7674542428132,5.33405843027437,-4.39141414141486,-4.11240105707813,13.1605079287801,3.4644527427169,-0.352348376023,14.2139464837677,10568.7571887826,59727.0850909096,-344.629244117078,-3300.7390767273,0.0534669552591986
5.7,65.5252228616375,32.4037444814696,2047.05,16.2460338724098,15.8416666666667,15.5972464904865,14.2746958777832,6.6542340844443,-3.98595571095646,-6.72386624993679,12.8848185957203,5.66084538680694,-2.01934983179577,15.5068745147866,10486.5406091914,59406.5610629378,-2002.19229877788,-2948.7748127859,0.0585979660852486
5.8,66.9351812912274,33.1265523499957,2046.71,16.0099435854654,15.8666666666667,16.970609972108,13.5231050477434,7.93453171855568,-3.23838383838553,-9.47327099742171,12.4799682472399,6.51990275868451,-3.13550653024935,16.749086813971,10241.3703671804,59131.039552448,-3296.01550304977,-2506.83049537889,0.0650692347869604
5.9,68.245520855988,33.9827987901342,2046.44,15.6010957494644,15.8555555555556,17.4785593764888,12.4176953895163,9.11444755447176,-2.47424242424357,-11.348442719959,11.9287422921766,5.86668501251686,-2.99422620864425,17.2543236585276,9767.63849391534,58902.8987412588,-3403.76120457131,-2064.2849873673,0.0707501748317811
6,69.4179249025367,34.9391209439178,2046.22,15.2065531077929,15.6388888888889,16.6862999559036,11.081757191882,10.2385244754915,-1.89908702408828,-11.8038593075473,11.1091930917208,3.96072474641681,-1.61690280489247,16.5887534892423,9292.96147053064,58721.077594406,-2243.97517546586,-1699.83239049988,0.0718207471442266
6.1,70.4523989613458,35.9955234144289,2046.05,15.0462314088288,15.375,14.7561498637257,9.81960279944438,11.2734746893773,-1.69506604506702,-10.8378079306924,9.92829980164471,1.30948123576191,0.218248022225989,14.7544805858882,9083.27003474217,58572.1119440567,-359.692335565032,-1481.98839160833,0.065173354753276
6.2,71.3949149555783,37.1853613304295,2045.94,15.262533537879,15.3111111111111,12.1978187060217,8.89237447666716,12.2693521687375,-1.82581585081758,-8.96070234467965,8.19017640775294,-1.18895125422055,1.50545411328634,12.1495162224591,9318.40245924266,58430.957706294,1260.10356728194,-1436.14862079613,0.0519631857784492
6.3,72.1841732551264,38.4419189655812,2045.7,15.5416040948974,15.3166666666667,9.39825446392174,8.23732462701741,13.0168906239657,-2.06118881119092,-6.74133720982321,5.85478497813844,-2.9330960522701,1.71965372889805,9.27439306757877,9651.47015215237,58281.4798321683,1944.79832774403,-1568.38216082296,0.0382525949316899
6.4,72.9810926525738,39.8096758903598,2045.47,15.6866491566079,15.6555555555556,7.15082065235784,7.6835107782182,13.4626926736574,-2.40635198135362,-4.88247742314552,3.02667653034276,-4.25850670955605,0.859336749932989,7.09523788396558,9836.55000985133,58112.5923356648,1248.10107843571,-1862.69239506454,0.0288493945533502
6.5,73.7703465860234,41.1551894111359,2045.19,15.7091780460796,15.7805555555556,6.2949675453325,7.28512908348468,13.6218154345886,-2.85505050505248,-3.39645911099457,0.222053657632924,-5.29541066181494,-0.420149558792105,6.28922551948184,9881.54660865542,57909.5321958044,-243.178098762753,-2276.15051917814,0.0254517166302447
6.6,74.5366129754326,42.5118256018691,2044.89,15.5331393700078,15.8555555555556,6.48752418869369,6.99053076470915,13.4754439913615,-3.2898795648811,-1.7661869741393,-1.99904379602124,-5.91374480112689,-1.27656608513086,6.38632572307369,9705.53987159668,57668.878489511,-1512.76529584462,-2739.3213992537,0.0263624397988707
6.7,75.1955975022195,43.846217385333,2044.58,15.3437822626078,15.7305555555556,6.58380295420727,6.88867977081293,13.1490768378826,-3.88323620823792,0.515151014935949,-3.26540200522318,-5.69370095069308,-1.12607996590573,6.47441945646282,9473.12695897497,57369.5202797207,-1815.11708446875,-3185.55755945719,0.0275527392376487
6.8,75.8162683722527,45.1250115429422,2044.16,15.1903443248144,15.4777777777778,6.47809258989329,6.97548308305538,12.6966086162807,-4.57004662004827,3.26618419312964,-4.06449002913934,-3.84417029055781,-0.740864647669711,6.40003354915732,9196.79680261563,57028.7268251752,-1636.35898964551,-3514.87778277668,0.0278902913148829
6.9,76.5748697398106,46.3926868589796,2043.68,15.1706587614614,15.4666666666667,7.72208317850743,7.44611695687557,12.274733998807,-4.90256410256581,5.96922357249772,-4.88377316057081,-0.384315330702778,-0.897479091954906,7.65445573165736,9099.1111128657,56663.4380979023,-1511.90777664309,-3627.44249694306,0.0333251764204073
7,77.3411328565885,47.5602802764856,2043.19,15.1791709826969,15.1111111111111,11.2419889527441,8.23980934039458,11.8305961413463,-4.748659673661,8.31426164008,-6.26129316549301,4.24871473385378,-1.69591609409958,11.1624764491533,9081.84655651129,56302.9789090913,-1624.98243579106,-3437.80929075542,0.048233441024888
7.1,78.2300023389099,48.705637535385,2042.62,15.0839474638214,15.1805555555556,15.7462448652397,9.2295011210763,11.2068588362735,-4.09244366744563,9.81664615820675,-8.57601767936972,8.83343683533146,-2.7617316704498,15.6258698974818,8992.20686958322,55967.9479720286,-2108.5307217254,-2939.36631131076,0.0681337486264326
7.2,79.1955014121362,49.7842756358372,2042.29,14.7127652257791,14.9666666666667,19.4367425808316,10.2222870379612,10.1776422297236,-2.89584304584525,10.2955195184298,-11.64652071005,11.6682387423946,-3.19992554646142,19.2843854239171,8634.88122601488,55700.1646993012,-2600.89331707317,-2190.76986877908,0.0885662161378677
7.3,80.2759480125877,50.7961998893847,2042.13,14.3849330632939,14.8638888888889,21.4186261599626,11.2132014682986,8.86913654815496,-1.59022921523053,9.8277425479378,-14.886325432601,11.8562362538195,-2.82813474959589,21.2849088372649,8289.97620648198,55518.9289510496,-2656.74414074862,-1325.34455148608,0.102602184924556
7.4,81.4330259144249,51.6413269460108,2042.03,14.1776985420809,14.6333333333333,21.6853265845315,12.1930608940131,7.22660249322095,-0.335586635588048,8.84093492311433,-17.2563226038634,9.711363908043,-1.42234157091031,21.6280581275463,8052.84983623937,55437.2658461541,-1815.28697181082,-512.666265017149,0.107651056671779
7.5,82.6973849044876,52.2195775201701,2042.01,14.0633078418437,14.2277777777778,20.3556849263981,12.98856778577,5.37546525611941,0.422027972027063,7.53780585412305,-17.9656982021212,5.89653116998773,0.271615820363446,20.3537603499844,7904.63559592915,55426.3445034968,-334.845982861256,103.433105775194,0.102913438036602
7.6,84.0460422928371,52.6199136879453,2042.13,14.1130753047962,14.0833333333333,18.0022269576503,13.6477505557343,3.53264053574501,0.66200466200298,6.00610842746366,-16.9230231955331,1.27205460407628,1.63175052082514,17.9761406875374,7960.40244812547,55472.5909930076,1152.97521355095,407.353399188185,0.0900101501277299
7.7,85.455998704279,52.9646499655917,2042.17,14.3102983731573,14.3222222222222,15.4732467740863,14.174539317812,1.89319907940357,0.531857031855831,4.28617540964923,-14.5509417358268,-3.05289382227172,2.20701403268764,15.3795086450484,8188.23808505555,55515.5446153851,2024.83346692622,354.625841850767,0.0747860786096202
7.8,86.8659627153222,53.0425103209709,2042.25,14.5576931319094,14.3416666666667,13.0987803106544,14.5422118521553,0.66360178760134,0.100679875677869,2.62590366703264,-11.0900390472515,-6.4570666318918,2.07292328213233,12.9525715686024,8476.6544886103,55538.0458741266,2277.94258701168,-6.53459859469768,0.0610292780027803
7.9,88.3219020051474,53.0758901968507,2042.15,14.7315332425976,14.6083333333333,11.0381509244654,14.7156834239196,-0.161836030195232,-0.66373348873456,1.24855931567307,-7.184227176523,-8.2866612904493,1.6994975762317,10.900116679459,8684.27186538099,55518.361846154,2022.95643088113,-570.947852706641,0.0502563400011462
8,89.8084914065387,52.9980725600072,2042.1,14.8509015165718,14.9138888888889,9.47860244119719,14.7425300825925,-0.694182717632601,-1.6508158508175,0.08462043911097,-3.10203949882144,-8.95623216354431,1.2245715573279,9.4052686131519,8812.28153812154,55426.5823216788,1329.90660526961,-1236.64050890864,0.0426170811438997
8.1,91.3104073118886,52.9202537784719,2041.86,14.9215421184445,15.0861111111111,8.54060905848631,14.6728269293551,-0.86234699165708,-2.57233877234025,-0.865728036889268,0.989980461633856,-8.43874734434119,0.546252699156407,8.53016975240932,8877.17160052184,55256.7984335672,458.749131982968,-1905.27032128792,0.0382799440254713
8.2,92.7510160177256,52.8757939815261,2041.59,14.9423668462145,14.8444444444444,8.66470425849502,14.5570340470188,-0.550981449416398,-3.32618492618582,-1.68154841890085,4.86108642863922,-6.97275652345422,-0.265289189481201,8.65757019145543,8899.00285932554,55034.6579580423,-434.592073875087,-2514.33198102683,0.0387892428775828
8.3,94.176300115478,52.8535728850536,2041.19,14.8761534473827,14.6138888888889,10.1599485468473,14.3801065382987,0.101282607096314,-3.80817793317957,-2.66827931768953,8.5410458811808,-4.81200324323857,-1.28931964641868,10.0923406800995,8852.62447541993,54760.5633566439,-1358.43228743646,-2990.27231584307,0.0455391343553411
8.4,95.586256878644,52.8758312208065,2040.74,14.7405817573357,14.4194444444444,12.6664580341436,14.0598133597258,1.1846013874297,-4.26651126651186,-4.0069031739225,11.7710657768524,-2.41368940888098,-2.17727206405778,12.5135621624214,8661.20098172601,54444.1371188811,-2243.97890737134,-3278.20949614531,0.057426608625018
8.5,96.9885460190568,53.0315285610745,2040.35,14.493519119785,14.3055555555556,15.2302597782841,13.5942866699144,2.49219941714771,-4.36421911422062,-5.69319227780624,14.1231566844302,-0.291238508750404,-2.8237542607347,15.0217994692066,8385.94213003272,54099.6117482519,-2921.88516221934,-3387.65219815143,0.0712465647171434
8.6,98.3525210815286,53.3762643213626,2039.97,14.219083521859,14.1083333333333,17.2126219532521,12.9635656121979,3.92721451809833,-4.32496114996179,-7.52231639380285,15.3963631608314,1.62514983829018,-3.10005430668941,16.9979791301403,8062.0375959321,53757.2816223782,-3198.34007289869,-3336.45171043325,0.0837420101047003
8.7,99.6168718709143,53.887795292165,2039.51,13.897150007748,13.8527777777778,18.4993847492767,12.0908870212029,5.55728065729168,-4.00722610722789,-9.18444857644471,15.7003150530437,3.37242460013339,-2.68480521644265,18.3353410475793,7721.10390199257,53432.2207552452,-2868.40038626723,-3134.75098342163,0.0947727025532734
8.8,100.72796653616,54.5216438789922,2039.05,13.6764918672123,13.4472222222222,18.7756115777978,11.0950381126904,7.14407705171262,-3.59287101787189,-10.6030526016228,14.7157022982259,4.85252218104618,-2.18957085163989,18.652363130087,7475.12783416302,53141.8447552452,-2426.73184124517,-2801.25103199782,0.0996945146720325
8.9,101.793084506733,55.2666925963755,2038.77,13.5462703046048,13.2555555555556,18.5482752340729,9.99128935688779,8.57212919293717,-3.19283216783373,-11.2651730516139,13.8005983488454,5.16506297057049,-0.793153435423677,18.5268381945606,7310.66398275388,52875.2688671332,-855.667877022235,-2413.73372455148,0.100987269170872
9,102.750917374731,56.1674157817059,2038.48,13.4843005649102,13.2055555555556,17.6186062875544,8.8649792521895,9.81610583454362,-2.62346542346698,-10.8384584595696,13.1877361993038,4.36196282350126,1.6260425321399,17.5654618529505,7277.69659769257,52644.4205874132,1819.89298309259,-2076.1815466127,0.0964844202930415
9.1,103.586144404649,57.2905377159028,2038.28,13.5593358729662,13.4694444444444,15.6164196654778,7.76577820956134,10.9151416622512,-2.09951437451592,-9.5772823893907,12.0678711250792,2.55239332992935,3.83416164384063,15.2269550529551,7397.61005980764,52454.458741259,3927.92390879628,-1839.28437543815,0.0823386458146315
9.2,104.32941495203,58.4025353918899,2038.05,13.6947007525764,13.5111111111111,12.4400816308485,6.73869426364892,11.7793809704009,-1.83875291375401,-8.18032521683296,9.35302063375543,0.599095446123663,3.93922402052088,11.9098739933762,7559.88202862441,52302.3648671332,3450.81075449679,-1725.35282149085,0.0629178713368863
9.3,104.92709168208,59.6034922752019,2037.82,14.5344017294095,13.6694444444444,8.22387757895796,6.12079359309705,13.0170640317129,-2.08344988345057,-7.23883407691059,3.806940986704,-0.859443985608491,0.484257553363061,8.21445387522317,8464.91574239414,52135.7457902098,-626.195777244945,-1704.08677881544,0.0388622624112997
9.4,105.471129331295,60.8489290717841,2037.71,14.6645938033013,13.6888888888889,8.69238602953057,5.57596472637416,13.3613991358769,-2.33065268065447,-7.261469169073,-4.60713195797265,-1.26608669324325,-6.75754254732062,5.43416300744445,8579.24183073714,51951.290349651,-7367.04395089705,-1730.59989567527,0.0254241288954206
9.5,105.976848448757,62.1499603422215,2037.48,13.5647749891497,13.9861111111111,16.1478235908571,4.86629265366595,12.4198594152629,-2.46361693861795,-8.02365278343203,-14.0120314168385,-0.190205956524275,-15.6732646482306,3.15001931625659,7316.78358020685,51770.6582937067,-14182.6908275792,-1752.38607234202,0.0211191972528589
9.6,106.48256771718,63.4398741967596,2037.19,11.3245103909486,14.1611111111111,24.7828799722519,3.94345715448948,10.3592315599187,-2.31948329448471,-9.42265927030476,-22.8343505487242,1.99926661872874,-24.5786735039974,4.80747398753661,5097.16681586202,51596.4839160842,-18468.7586882993,-1676.72617438508,0.0247565594005198
9.7,106.995946423319,64.7520238425421,2036.81,8.28078558996333,14.3833333333333,30.3293195642316,2.89381575734276,7.49982876850451,-1.9874125874139,-10.5080411280064,-28.0850062413799,4.54765008581969,-30.1999281438441,5.82631076207206,2715.29538304778,51443.0180139864,-18655.0896151556,-1417.16353464744,0.0408124154265865
9.8,107.075854650765,64.9378865788012,2036.74,5.17597677070287,14.4166666666667,28.4273051340744,1.82515681569778,4.60748954473545,-1.49351204351392,-9.65318448759396,-26.0956783957563,5.82608577859146,-28.3145532913426,6.51623838898688,1049.66168771109,51311.2118601402,-14370.6911542619,-1017.63623844696,0.0944123841777009
9.9,107.155762625919,65.1237483472287,2036.68,2.6992873783352,14.4472222222222,19.94290306661,0.988875901391505,2.34667640408943,-0.895202020203682,-6.82142574263633,-17.9760296626172,5.29621479271837,-19.8832665210608,7.48508309416819,283.75625716748,51201.065454546,-8333.0312887631,-612.516533489287,0.211515530504014
10,107.235670427192,65.3096099998197,2036.61,0.67883446794654,14.4777777777778,6.89271083048903,0.257556449978112,0.532798531734886,-0.332575757577254,-2.43193733105444,-5.99648571164392,2.37430042762387,-6.7923991922061,0.804115428335974,22.9824428305897,51153.995748252,-2395.51526195132,-371.726441716294,2.54256484068087
10.1,107.315578220824,65.4954716496627,2036.54,0.674783873803748,14.5111111111111,7.7778241390919,0.247913952109458,0.62326370170152,-0.0735819735830828,2.6619627791907,6.8224112743443,-2.61977230013294,7.56518825167154,0.733365152382377,31.1844933786564,51152.3493146858,3199.24555721459,-450.623771333408,3.96683566855553
10.2,107.395486008635,65.6813332965006,2036.47,2.78784836857795,14.5416666666667,20.7834254883962,0.992568358743024,2.51351998213764,-0.684926184927761,7.4093769858765,17.3868866800993,-8.64569715443834,20.4380787929533,4.21216228646924,348.278331570361,51120.1340979029,8894.30848515275,-929.908073418276,0.485457564796117
10.3,107.47539378962,65.8671949496086,2036.4,5.39107173883443,14.5722222222222,29.342222422618,1.94443733033362,4.68693381263978,-1.82084304584392,10.8847981370867,23.620115319187,-13.585924279252,29.0496154217275,6.10139003719236,1232.04741696414,50990.3768391613,14720.1626167889,-1764.14247933922,0.142222466675901
10.4,107.555302035291,66.0530576798237,2036.33,8.60942626341576,14.6055555555556,31.3070883345156,3.20220923179747,7.16686785359204,-3.53611111111248,12.6251244788741,24.0228654469604,-15.6090341659993,31.104543233954,7.27004834490785,2980.97039017222,50750.491468532,18871.5541507133,-2819.40106802357,0.0479672938315914
10.5,108.129981172252,67.3874472934426,2035.89,11.6638956432286,14.8416666666667,25.6324153964918,4.50245396950191,9.38178924286523,-5.26843434343651,12.5157200168438,17.8060044000182,-13.5397074866784,25.2691470112324,6.71650466514419,5298.13197861674,50408.3442797206,18699.6179444333,-3857.77205698843,0.0316076427151642
10.6,108.712321082703,68.5439178750509,2035.08,13.9598794946079,14.7805555555556,16.9518804328415,5.72133717037201,10.9130693651232,-6.56120823620949,12.0140950274552,8.82677449985609,-8.0694375770138,15.6168361777249,6.09912238011159,7474.22219051942,49974.7651468536,14554.5957313991,-4644.71485125706,0.0338364517870023
10.7,109.317650802637,69.6003079542245,2034.35,15.0490026538105,14.3666666666667,11.9126111169912,6.83943093530686,11.4516102893027,-6.96816239316365,11.7581508041,-0.280560676499957,-1.89142248043854,6.00610750750805,9.87163621951212,8785.30213762833,49486.9085874127,7869.32765172189,-5068.82141914063,0.0454258721450615
10.8,109.999611862397,70.5566230908602,2033.64,14.8710559148539,13.8861111111111,14.5518081152734,7.88311604710097,10.682318199581,-6.700213675216,11.4004566905295,-8.45558685946525,3.20745343428969,-1.4756699056412,14.5308284648771,8763.41420079079,48955.2751888114,877.108494179113,-5136.08966567242,0.0654619190899968
10.9,110.773529260788,71.5463014423928,2033.12,13.9527406946936,13.6833333333333,18.9686404101888,8.93864627583799,8.98773834356897,-5.83096348096482,10.9290002323862,-14.1119518753362,6.42020928005803,-4.77182734602095,18.4527739968125,7949.46371748235,48436.3559160841,-3996.37449890305,-4841.50715796985,0.0943020255916536
11,111.746677667301,72.5026216216329,2032.61,13.738360957067,13.9083333333333,21.1881028920947,10.2095486560815,7.69924201984886,-5.02288267288421,9.9344421698511,-16.7993736412598,8.24764258447358,-5.04741533492978,20.590785554714,7714.82482254516,47987.0441958044,-5721.10735321357,-4252.24086621937,0.109027484873292
11.1,112.880751876257,73.2587898827542,2032.17,13.5755112804372,14.0527777777778,20.9326632959431,11.2215691396689,6.12174813767972,-4.57111499611681,8.4267006425094,-16.7713143171449,9.26769254013038,-3.7179186562597,20.6102479359147,7322.83736506736,47603.9922797208,-4712.69385000097,-3480.79104308228,0.111776753296881
11.2,114.091455433727,73.6702410673531,2031.62,13.2820552413248,13.9277777777778,19.2388805847802,11.9044902564491,4.45679050522445,-3.85137917638009,6.83112593155566,-15.0970576376879,9.77492175656611,-1.77760751018538,19.1603493693449,6925.59042273052,47286.797706294,-2298.37600183511,-2668.30738487572,0.10858940683897
11.3,115.302168317249,73.9704976873808,2031.33,13.0460069676539,13.6027777777778,17.0217582725151,12.4211803490033,2.94016800018564,-2.69592074592212,5.58626102470062,-13.2233328499057,9.14753577705227,0.448267742183292,17.0215472918248,6761.8509299848,47067.1451748256,108.212881422266,-1940.8477066523,0.099976644341641
11.4,116.482231071474,74.2262744465318,2031.06,13.0266124657423,13.1888888888889,14.3404931332976,12.8159867210852,1.74134990406557,-1.55268065268125,4.88464458141547,-11.3843680850778,7.22399847195898,2.422794816414,14.2588645330124,6813.612479222,46905.1361118885,2136.69014946938,-1372.50208747021,0.0832938256856191
11.5,117.777235895183,74.4042152893066,2030.89,13.3604099194617,13.3555555555556,10.4467015341743,13.300998042678,0.861693242714361,-0.917327117328917,4.47853794141506,-9.00569869950123,2.82376730366158,3.68391064746961,9.96259620428814,7180.21200250805,46787.1600000003,4027.60313976046,-1066.35691264503,0.0547651020852388
11.6,119.148878774696,74.470962553771,2030.98,13.888618194197,13.6666666666667,8.54506302680221,13.8524698032847,0.120230480137651,-0.994153069154549,3.56344780429365,-6.79423624545813,-3.76275108384809,3.76469628770686,7.43801088340989,7760.62607026655,46679.8491188817,4733.44827725572,-1140.06260355063,0.0397683260301709
11.7,120.604808957726,74.4487516130844,2030.97,14.3758556306248,14.2916666666667,11.1547045134938,14.2568335332133,-0.531429598119074,-1.76790986791081,1.94804117877477,-4.65467759652888,-9.94819304303696,3.32738740036452,10.308260799481,8317.90396938922,46567.544055944,4299.20091338188,-1647.6837074351,0.0515174915831892
11.8,122.01476061793,74.3153367552534,2030.57,14.6676283268033,14.475,13.3957761035942,14.3548814478026,-0.893934443624925,-2.87707847708027,0.0730177172301246,-2.1626196391979,-13.2198548451468,2.796359424278,12.9718237607823,8670.39312694531,46390.1133986017,3252.84270879287,-2469.07708999591,0.0608938249816927
11.9,123.46302504208,74.2152823658773,2030.15,14.9026562384611,14.7138888888889,13.3235157368475,14.135756999188,-1.01802821089218,-4.60794483294648,-1.63724326438282,0.845832279917851,-13.1954565604039,2.46930354096191,13.1771998764472,8796.80449822748,46094.706629371,1864.74341611955,-3426.62994571816,0.0589524175213175
12,124.865307129604,74.1485863517112,2029.66,15.1185060047326,14.5888888888889,11.68479872025,13.8260838435712,-0.752795214133501,-6.06975524475689,-2.54877682869864,4.30445987592884,-10.5598240035885,1.6943187504972,11.6581441923548,8885.43142658604,45687.7448391611,644.569292285304,-4327.69281008017,0.0505812032887256
12.1,126.206287575747,74.1486078977932,2029.12,15.1370780752532,14.2333333333333,10.3948180651477,13.5536748583324,-0.136979043646316,-6.73871406371576,-2.62148613009994,7.97834557008459,-6.12585137279103,0.307636914854771,10.3945335186558,8965.26025943078,45188.6010629375,-106.16984342575,-4988.92372797344,0.0453463685032435
12.2,127.539597395433,74.1486270529604,2028.36,15.0127351913649,14.0472222222222,11.7501499912923,13.3580604496952,0.853353452980287,-6.79825174825274,-2.53693967605163,11.42561941151,-1.04172115331646,-1.13614334120557,11.7247420022695,8989.65197862912,44667.5231328677,-531.019412396907,-5298.14454105351,0.0518900436305691
12.3,128.857580475458,74.2042438832927,2027.46,14.9077545328051,13.9611111111111,14.8545351650228,13.1114917806767,2.06612421250863,-6.78682983683141,-2.93192513532529,14.1663128326298,3.37292316808672,-2.15082733565686,14.7966206739302,8836.41596260761,44146.48179021,-817.772498671112,-5248.7992583176,0.0661353611115634
12.4,130.167902478044,74.5378625629584,2026.96,14.8204194119139,13.9583333333333,16.7672328838225,12.8623177579142,3.57093493673006,-6.43848096348204,-4.06780691837008,15.3905964180579,5.26522434010768,-2.10943108483667,16.6966550562456,8713.83710416992,43623.8123076926,-1216.28928497096,-4942.06781782288,0.0757314123963265
12.5,131.455229437172,74.9826781022451,2026.42,14.6537061674849,14.0861111111111,16.7990797204237,12.4276197826261,5.26218043891815,-5.70918803418945,-5.5911661495182,14.9403613495279,5.26626464272039,-1.42845124964959,16.7254224030343,8629.27287052283,43142.980531469,-1575.14332704382,-4548.83141734771,0.0779497590631762
12.6,132.665927358505,75.6054112871414,2025.89,14.4550739273223,14.1138888888889,15.1914010479413,11.7323631518972,6.78065793411944,-5.03224553224698,-6.67830806700392,12.9937838059937,4.16418654297297,-0.774893397752722,15.1222512396285,8494.24186426757,42706.0536503502,-1607.73921989395,-4206.58506300217,0.0726091689771336
12.7,133.799990287708,76.3170991880633,2025.27,14.3313338916032,14.1472222222222,12.5418134641722,10.9588556497224,7.9433941266037,-4.71095571095728,-6.87754613658264,10.192122010598,2.47327576916757,-0.422953360369769,12.4903325002634,8344.58277039199,42325.6360279723,-1347.06402181567,-3956.86648409869,0.0610295281978413
12.8,134.872753404754,77.1955877238227,2024.84,14.2255616812591,14.2861111111111,9.70961071861326,10.1826851648178,8.67212800562972,-4.84496891997055,-6.35464523627141,7.32980059527661,0.411153817476185,-0.220336482615653,9.68952439839548,8101.32775267264,41956.2129230774,-1082.58194116841,-3815.79997652716,0.0479679460148594
12.9,135.822911475332,78.1296739092065,2024.48,14.124805430306,14.0944444444444,7.90509107501444,9.54359739527968,9.22888416976587,-4.82261072261254,-5.80995223603191,5.30846181187192,-0.745085975708988,-0.202721817550559,7.89572294744803,7979.84842097051,41562.5506573426,-1024.28906480003,-3783.65227020056,0.0396094742810738
13,136.719424661334,79.019275134901,2023.94,14.1786809795599,13.8833333333333,7.67594849705703,9.13550841299986,9.67453344597587,-4.8970279720293,-6.20584572875972,4.51670920739237,-0.0836782896804016,-0.887721972525348,7.63482399444125,8006.07119108749,41173.4801118889,-1299.12650514142,-3771.75144668812,0.0379259505841131
13.1,137.62360086043,80.0200779068228,2023.45,14.1466651190728,14.0333333333333,9.29988438538601,8.60645320302226,10.1108698799785,-4.88133255633361,-7.97285637430961,4.46303877436352,1.73282881863874,-2.25857645042592,9.13455954719662,7933.38357033534,40798.312783217,-1971.1625660276,-3683.87015893203,0.0450784034009323
13.2,138.44348233243,81.0097554228769,2022.87,13.9737180170407,13.9916666666667,12.0570136456282,7.77155675895232,10.5883279192553,-4.77022144522355,-10.5832290972832,4.56360813277449,3.54123152812077,-3.63680194016406,11.7434349674567,7684.5936259154,40441.3476923082,-2692.1376167274,-3474.9059989892,0.0588710562185652
13.3,139.225052363372,82.1106349914082,2022.45,13.5413531343281,14.0944444444444,14.1689315733888,6.50046723603687,11.0839889068349,-4.27286324786436,-12.8924513271743,4.26219404246751,4.04685342607936,-3.97718726471045,13.7787746583854,7273.05355250288,40095.1758881123,-3178.81526216578,-3208.61853880371,0.0741638056925135
13.4,139.884016002603,83.2782312437749,2022.05,13.099237214075,14.2055555555556,14.2132720536109,5.02234713170431,11.5424292540571,-3.62468919969086,-13.3810164455774,3.65744362904866,3.09654766691488,-2.76446235139726,13.9030908983228,6923.21553217036,39780.5241398604,-2792.81853995099,-3001.66707744487,0.0812508704522532
13.5,140.236469647891,84.4346988774452,2021.74,12.8174153257139,13.8611111111111,11.4822931398236,3.62751900292471,11.8304191654371,-3.34191919192041,-11.0928999419535,2.90673062421656,0.584417406386902,-0.608932393906532,11.3961992797207,6674.2201296772,39498.965706294,-1304.86916000981,-2908.82406605037,0.0697936876100209
13.6,140.496968899712,85.6356460760355,2021.4,12.7923493576679,13.7194444444444,7.3928097297663,2.62999479863889,12.033371638701,-3.4533022533028,-6.60859250115382,2.01433386842257,-2.63108341197053,1.24641611702235,7.36592436212559,6648.3651748792,39216.5474685323,598.642596407477,-2987.42175982572,0.0445294135267067
13.7,140.688503532173,86.8032293401358,2021.07,12.9724932538055,13.3333333333333,5.64641116214645,2.25255463696448,12.1116328015439,-4.06447163947364,-1.10407006088566,0.871688831011999,-5.46837698906694,2.33545390978469,5.17442284573999,6757.95981885278,38914.9940139862,2080.10776951217,-3253.21552447584,0.0305479499800571
13.8,140.987313514356,88.048655521646,2020.65,13.3412210348199,13.4361111111111,7.90315658111189,2.56389908858486,12.1907940352871,-4.77484459984658,4.10352179064294,-0.742148443819704,-6.71343492905285,2.51320665377648,7.4376228956716,7088.63482239914,38566.7184335668,2470.23500100251,-3683.28243630565,0.0420977867897835
13.9,141.263133143048,89.2495996593487,2020.09,13.7047468408917,13.4611111111111,10.8054001318928,3.34233654402511,12.1260003521774,-5.44141414141592,8.39189481713907,-2.91101902993455,-6.1529457657079,1.91395327065662,10.6156827801047,7460.56059482405,38177.1905454546,1882.20696444385,-4175.1741154423,0.0566208911966758
14,141.6309043034,90.4394224988339,2019.49,13.8146169658533,13.4611111111111,13.4721537046393,4.29438969238738,11.7105308863155,-5.93846153846339,11.4699427299371,-5.64786668864815,-4.24746289926706,0.603728761823194,13.451077356162,7590.2003628138,37736.7512727276,645.300693267438,-4588.00635173718,0.0705217071806972
14.1,142.144268827339,91.6070113494828,2018.87,13.741326908983,13.5777777777778,15.9129601845714,5.46012638922334,10.9664212367126,-6.22484459984558,13.3335969493727,-8.57995556983125,-1.34976170013686,-0.937771560176705,15.903795203996,7506.09613538023,37261.66372028,-653.639458781852,-4810.8322229282,0.0841275399993518
14.2,142.741925110162,92.6856411559725,2018.29,13.5539600645403,13.4194444444444,18.1207743935441,6.81232540449118,9.92630835078993,-6.22659285159355,14.1422990577632,-11.175000777024,1.86472507786768,-1.93267827994536,18.0693709228802,7279.1270897759,36765.3920559442,-1502.91412522906,-4776.25452393753,0.0980753942106684
14.3,143.477515907236,93.5974787750713,2017.7,13.4385735910901,13.1166666666667,19.4975336932965,8.3287132358124,8.71444047941509,-5.94022921523059,13.9153264739209,-12.740715231707,4.91850430821955,-1.81183542953985,19.4385630822618,7130.49349807804,36284.2858741263,-1590.20470280777,-4505.14851288547,0.107495443044354
14.4,144.381690230497,94.3647614673642,2017.08,13.2992141789366,13.0638888888889,19.6590538195865,9.73113828180751,7.35355553587526,-5.30087412587454,12.5212875849437,-13.3023719999949,7.26241374959342,-1.08807116325729,19.6162507074648,7008.30063522117,35857.0363636366,-1233.35525249301,-4035.2523859358,0.110979929180045
14.5,145.431458435837,95.0430887391352,2016.56,13.1765517903054,13.2805555555556,18.7429220587023,10.8920199107468,5.97067851288095,-4.39731934732044,10.1566031688974,-13.3848063567903,8.30587130645284,-0.441239897745615,18.71671440241,6944.56771730867,35490.9975944059,-822.351126424369,-3450.36258268525,0.107922842106335
14.6,146.603838161979,95.5991037143346,2016.14,13.1463002057361,13.6027777777778,17.1803767249812,11.7709773936427,4.67992229963481,-3.51676379176508,7.63007592708683,-13.366410701568,7.6345498044204,0.031246770279822,17.1751072533246,6950.08880643183,35179.0716083919,-249.449941221284,-2861.52314408191,0.0994088096261893
14.7,147.82219900188,95.9883236043195,2015.88,13.1324625394798,13.6055555555556,15.5430130387123,12.3413655200149,3.48469275418723,-2.83005050505129,5.83898015267613,-13.2809726716154,5.57739455248062,0.761210686174171,15.5259193295178,6939.91151390213,34911.6359160842,895.229050046015,-2360.3310271079,0.0900163537602661
14.8,149.071218348216,96.2663482777526,2015.71,13.1568068972239,13.5277777777778,14.086431637936,12.750099622739,2.20312262214538,-2.38385780885906,5.01974369240952,-12.8860831351049,2.67928926917641,2.22132668472088,13.8870365834317,6963.34741700242,34696.6299860143,2614.191773642,-2026.0757318204,0.0803585190172439
14.9,150.327901303338,96.4220534091009,2015.45,13.4211217320683,13.3472222222222,12.6740329324504,13.1882692596894,0.864393010186465,-2.33428515928702,4.62357961563107,-11.7973264885814,-0.276965760649937,3.83172170331899,12.0969448615923,7223.51396701974,34512.5404195808,4226.64757654847,-1907.92415244389,0.0670691743335703
15,151.661209252935,96.4888008658295,2015.13,13.9554998268958,13.6555555555556,10.865793019611,13.7094132014993,-0.323440238613571,-2.58908313908462,3.99182519087214,-9.68690844286976,-2.88003375153907,4.68025972443025,9.93573321168748,7787.46361983933,34324.4262377626,5004.71643864697,-2021.36915350351,0.0503509711530781
15.1,153.055826351391,96.4332325023814,2014.85,14.5792131459163,14.0916666666667,8.65995501037368,14.235487671192,-1.15072092970923,-2.92919580419746,2.7475881715907,-6.44157833770312,-5.09427605654277,4.21475754493715,7.66121449908359,8517.31264899349,34120.7441118885,4508.84289432319,-2349.10296281784,0.0355914866831619
15.2,154.504084171142,96.2219889750444,2014.61,14.943567087434,14.5666666666667,6.75442684538082,14.4521939411933,-1.57058760706079,-3.46085858586041,0.895589348734235,-2.12880813947428,-6.3473126308181,2.5598882671673,6.22121155819838,8964.49420829548,33861.0649510493,2730.83591714076,-2805.55847490517,0.0279903935326359
15.3,155.990655253305,96.0218638845436,2014.22,15.0039520769686,15.0083333333333,6.70758630363447,14.3562728286769,-1.5216497555593,-4.08663558663707,-1.11533657760885,2.41532309486316,-6.15743068875104,0.364958735269225,6.685881014597,9034.43065253157,33548.3340419587,254.550393925797,-3277.68211289958,0.0297516550249745
15.4,157.438908866907,95.9106963726961,2013.78,14.9025563904642,14.975,8.39427302755484,14.0690684031294,-1.09387044661255,-4.79071484071623,-2.50769724028164,6.55299222538966,-4.60798948633797,-1.36711611002993,8.30008010079415,8833.55520632291,33196.6558321681,-1728.17682899718,-3656.16091512275,0.037292722640587
15.5,158.810528169272,95.899605365217,2013.31,14.7513600649629,14.5611111111111,10.5911575815199,13.7543796731585,-0.258317446093555,-5.32474747474753,-2.82916777910018,9.99769402162752,-2.05293517778823,-2.07198963627432,10.4147912129731,8548.35613926873,32811.7745454549,-2288.88976029031,-3881.32719383221,0.0477315228236837
15.6,160.082529130812,95.9218687420125,2012.65,14.5048051100009,13.9027777777778,12.8805693549112,13.4710709123331,0.98773591482581,-5.28620823620907,-2.4033234635857,12.6243007293364,0.871856829606354,-1.69010766713903,12.7931711338139,8303.33243567905,32418.4781538463,-1471.87112496569,-3934.81041485311,0.0606932050924706
15.7,161.438817943974,96.044215225436,2012.14,14.3073037358275,13.9638888888889,14.6818210563626,13.237185104726,2.29797091563167,-4.91886169386316,-2.20566301979536,14.2220794771381,2.90230520795589,-0.754221954323002,14.6674821315149,8180.53917400825,32021.6876643358,-318.781955262577,-3845.49914062601,0.0716292699037409
15.8,162.8027701466,96.3000013377692,2011.68,14.343736687952,14.0833333333333,15.4777541040674,13.1046194510045,3.75511102330022,-4.46216006216095,-2.74925554263823,14.8028993665809,3.58840304454892,0.24725455111491,15.4773531184877,8302.08744737882,31649.9595524482,451.992060836352,-3657.5617624327,0.0752190618275208
15.9,164.105415349674,96.8004242570866,2011.3,14.5080391065167,13.9888888888889,15.400781162808,12.8895724388277,5.26806244420059,-4.07303807303995,-4.09023104022816,14.5008054617102,3.19072271184641,0.735722051388296,15.391961017454,8508.04370242089,31297.7325314689,583.920149248649,-3403.49338223505,0.0730851576713644
16,165.346752186999,97.4787625987908,2010.99,14.6068603179621,14.0222222222222,15.2450399143455,12.3892081453734,6.71324569986146,-3.84710567210729,-5.90836324740516,13.810029337552,2.60491370733329,0.649612544333344,15.2331219876495,8576.60237880477,30969.7263776229,368.805311437777,-3124.93456925335,0.071387171351623
16.1,166.542111215586,98.1459792713099,2010.52,14.6078201254687,14.0472222222222,15.4882631055184,11.6095579128861,7.99688874189678,-3.8283605283614,-7.644431118073,13.1829367967625,2.76751591131158,0.416144527392814,15.4765343519188,8475.44296678416,30675.4538181821,425.239869061171,-2846.34850049729,0.0725562912130238
16.2,167.714475503482,99.0244719069739,2010.15,14.6002740394593,14.4138888888889,15.3000944338322,10.7548199705276,9.19348476051244,-3.60301087801218,-8.67802894530807,12.1777935178305,3.23821684660937,0.47659308137122,15.2847959468519,8439.23418979031,30398.6151608397,833.061501234674,-2578.46396563851,0.0717399873591184
16.3,168.741247612519,99.9696813967175,2009.76,14.6321623794107,14.3916666666667,14.003352464079,9.86564688472259,10.3276770555044,-3.17935120435207,-8.49144056516906,10.7194885517802,3.01361619150176,1.18591614052248,13.9624620620551,8524.39872673638,30150.8452027977,1625.7675404852,-2369.79276085238,0.0651706407981737
16.4,169.653076515725,101.048327502973,2009.46,14.8139609350649,14.4583333333333,11.5108712240077,9.02526765215116,11.4224283819212,-2.74337606837708,-7.37720747587572,8.72450568409478,1.3999881291533,1.9733463283464,11.4021008430631,8814.37916811569,29919.1005314689,2327.02121593956,-2278.91554110229,0.0516759331256762
16.5,170.518924610651,102.260408608802,2009.23,15.0999637169196,14.7944444444444,8.80942505788794,8.35460457272615,12.3197982962476,-2.53614996115084,-5.95102723929761,6.28936754024216,-1.62329929200689,2.11140842156675,8.59416898011721,9223.87294174896,29695.0758041962,2465.52810382288,-2357.01140169844,0.0375101841261936
16.6,171.315808013191,103.550329897766,2009.02,15.2429986765728,15.1083333333333,7.77107184925237,7.88722375472244,12.7143730253345,-2.91297591297775,-4.53980851092652,3.84478915542865,-4.99972926473625,1.8134023037527,7.49656359317676,9396.43720847072,29466.8984055947,2136.09580323633,-2608.48326959767,0.0325223205973444
16.7,172.089698776078,104.840246201983,2008.73,15.423429046697,15.2944444444444,7.80998940808221,7.61275953520742,12.8814730116712,-3.74108391608506,-3.07736107504574,1.92518409047057,-6.91516085033086,1.766286471601,7.5736542220965,9539.84768806554,29185.7241398606,1755.16414433909,-2999.7164239488,0.0319807025060621
16.8,172.863586973211,106.119043070619,2008.28,15.5666492568796,15.4722222222222,6.71772006687555,7.35717244139929,12.9109128743237,-4.63690753690943,-1.36596618713131,0.536712624300088,-6.55544345040313,1.75225803805821,6.55708296193842,9602.28932175093,28864.8525314691,1364.44514903231,-3442.18464211764,0.0267627474698771
16.9,173.614484902445,107.386718120313,2007.76,15.7116416187958,15.5305555555556,4.36903799948138,7.23091161811576,12.9014362412186,-5.30306915307011,0.88994106148441,-0.739175680215903,-4.21308880297741,1.22463069032568,4.29926280917593,9702.65115916137,28491.9170349653,896.630258287246,-3831.33050874511,0.0169892669247988
17,174.327066154709,108.609908344341,2007.16,15.8120295093698,15.4194444444444,4.71187561950391,7.38472479932877,12.8759700066408,-5.44935897436076,3.80900568611014,-2.60989592013956,-0.938983931116461,-0.0227435905774294,4.71085080488353,9887.77130683006,28090.2604195808,183.743906292563,-4068.07487701126,0.0188457543593127
17.1,175.062634595093,109.92206085199,2006.57,15.766445939796,15.6555555555556,9.25382300693386,7.89611877003259,12.6220770998664,-5.18799533799661,7.003980561003,-5.73689079531689,1.91457059085294,-1.71503450823268,9.17350778198048,9951.72769725735,27677.4080559446,-1065.0466909548,-4087.57039594456,0.036581698423001
17.2,175.851845673581,111.211975388654,2006.17,15.555328211563,15.6722222222222,14.1048807233224,8.78916221419592,11.8851269913132,-4.84382284382437,9.69948637829723,-9.5822856594463,3.61212205734377,-2.96572347847165,13.9411037983201,9735.49586483308,27267.7022097906,-2391.53525029994,-3914.71114675564,0.0569891600183862
17.3,176.801977645481,112.357338631775,2005.7,15.2723723243273,15.5222222222222,17.781344293044,9.94593351579338,10.6868052329706,-4.48508158508258,11.0478038951437,-13.1777855641926,4.52417965894077,-3.35501377766038,17.5792132524859,9360.87057661189,26888.5468531474,-3371.05411864169,-3587.17690514639,0.0748652038553625
17.4,177.874719453223,113.369268639314,2005.32,14.995755158499,15.35,19.7197900587832,11.15935266653,9.15059357192276,-4.07531080031263,11.0159599934707,-15.5670611060347,5.01850116127521,-2.66534218014077,19.564206784399,8983.5443850327,26550.149874126,-3338.19821239326,-3170.83432409168,0.0868884364847202
17.5,179.070066045675,114.158802634781,2004.87,14.7457956828676,15.1166666666667,19.7707430295744,12.219839583452,7.4184629533195,-3.61668609168696,10.0565194945438,-16.1126306962036,5.48924654621047,-1.11860905314223,19.7158140544373,8655.64584209295,26262.2801118886,-1982.93659957556,-2722.37086605731,0.090780030428601
17.6,180.342048350352,114.781544114963,2004.46,14.6464927942958,14.8861111111111,18.0975811518916,13.0637627896612,5.84599844437016,-3.11161616161791,8.71728553852725,-14.898052630225,5.43869508394521,0.673432647790583,18.0973729613883,8537.00128713737,26011.5465734267,232.871728605058,-2299.80362756132,0.0843048115398637
17.7,181.675336300335,115.326450684629,2004.23,14.6902143232124,14.8638888888889,15.1062599169137,13.7592083163671,4.52223703383762,-2.45681818181927,7.35732089723442,-12.5573365236809,4.04749519128824,2.34848165355632,15.0041975238753,8643.98431014052,25792.6440839164,2425.52713314558,-1975.01067012237,0.0691493293493174
17.8,183.077596718371,115.737923700238,2004.04,14.9993819930562,14.9722222222222,11.3968416355889,14.4557255679448,3.42309541597583,-2.07264957265122,5.99685015080431,-9.58754307571183,1.41591147564412,3.3958103745774,10.9897793523941,9039.1364718159,25608.2252307694,3919.39735460148,-1805.52239522687,0.0483558779689928
17.9,184.533500412608,116.015960616963,2003.86,15.4243410133207,15.1666666666667,8.03406300850648,15.0649847696836,2.63660970360101,-2.00120435120539,4.44612465892727,-6.42243069591874,-1.87896990344491,3.48848355189883,7.23902989830555,9574.97456683198,25434.2886713292,4362.32536922051,-1835.30599181705,0.030419748973333
18,186.05836430657,116.249519036586,2003.62,15.817048369007,15.6111111111111,6.71776061426023,15.4745404441156,2.13702369965609,-2.48006993007189,2.58704278109172,-3.49255094890418,-5.12226563042329,2.86230464143749,5.95797643382691,10043.8266235607,25251.9004195805,3757.58211007322,-2086.35701207861,0.0242924446734713
18.1,187.652197147898,116.43860101149,2003.37,16.0693163649571,16.0361111111111,7.61258600544517,15.6124740559881,1.89759930006658,-3.29737762237855,0.585024959154937,-0.940955341745402,-7.53152139559506,2.00272371147684,7.2834323439682,10315.6650511611,25026.8329510493,2511.86781341305,-2548.05078553164,0.0284421837081974
18.2,189.246022200002,116.616560549468,2002.98,16.1575126479935,16.2111111111111,8.45556791731018,15.5132389796724,1.97452580817369,-4.06274281274357,-1.23039180951705,1.09950675003271,-8.29300004256307,1.03827668026736,8.38545072104838,10426.0716030984,24743.9024895108,1019.96185237546,-3148.25669943126,0.0321436148796895
18.3,190.763220094708,116.850116509766,2002.53,16.1694010514272,15.9194444444444,8.28485298096978,15.2688556764309,2.23695124284549,-4.82779720279877,-2.51844098675109,2.72702806154416,-7.40672409801302,0.21056307074678,8.28468415176702,10437.649654573,24398.5904895108,-255.044400985346,-3747.31413956651,0.031677917960525
18.4,192.234437557981,117.105909242509,2001.98,16.1683843741692,15.5861111111111,7.44086665230736,14.974115867803,2.5586250012748,-5.53587801087968,-3.32465849184637,4.27818168728812,-5.10002979408612,-0.655873574957835,7.39047700856738,10388.2548068176,23989.5798041962,-1137.70675847455,-4221.5866484089,0.0283528393364892
18.5,193.705650832091,117.361701494218,2001.42,16.1111707332044,15.4611111111111,7.55861166489842,14.6430150890076,2.97955563081068,-6.02280497280644,-4.0185473852558,5.8488486705514,-2.60285544012368,-1.59766101086429,7.37399576732385,10258.8724492758,23537.6154965038,-1820.84575605232,-4520.35048331575,0.0284618366744236
18.6,195.169201322146,117.706452877383,2000.85,15.8972631584598,15.4305555555556,8.84202489601197,14.2252755040831,3.58543056163965,-6.12447552447694,-4.81865822968116,7.38466316910501,-0.654741938541787,-2.39409717927496,8.54684181475923,10025.2299533324,23065.930573427,-2379.61734389383,-4670.51441407028,0.033680115926213
18.7,196.594429592518,118.095679683967,2000.17,15.604230310712,15.3583333333333,10.5521897234465,13.7183446910678,4.44444143703976,-5.96204351204511,-5.79865636748537,8.80390755630927,0.46422411763362,-2.76766227951123,10.2282113629409,9770.7296908446,22603.813258742,-2784.2519415508,-4729.82504050714,0.0418197202605282
18.8,197.950695778585,118.5516252507,1999.54,15.2975707873026,15.1027777777778,12.1119649893433,13.0849055254934,5.47408984812758,-5.73020590520716,-6.92405347175608,9.92260110412021,0.54696138058674,-2.57672132662954,11.8499447412628,9503.1197554096,22147.1108811194,-2962.26618936259,-4734.73044028262,0.0505722682486799
18.9,199.184356616838,119.152127038263,1999.02,15.0714384639379,14.6861111111111,13.3065572956245,12.2923523073213,6.51562810938599,-5.79594017094207,-7.97633501890266,10.6505850469252,0.0870912520112706,-1.93461590386739,13.162193009272,9182.56325262415,21676.1211188814,-2746.18029002607,-4709.3719803742,0.0579584945389692
19,200.341382678052,119.908302459023,1998.52,14.9458837802672,14.4972222222222,14.215747004906,11.4718578737813,7.54630122346684,-5.90163170163299,-8.9193576221078,11.0690474021623,0.0933387653972564,-1.29414147158669,14.1632329938424,8944.86990718882,21199.5700699305,-2151.09844545165,-4647.68356301108,0.0633752047265565
19.1,201.483081077458,120.742316897234,1997.96,14.8711860231255,14.6055555555556,14.9763722040539,10.5624879865538,8.606994240904,-5.95866355866448,-9.65589484233808,11.3805677182148,1.24020062860547,-0.768447838394555,14.9688719483386,8756.11357398947,20729.5864615388,-1092.06296347865,-4525.80878087022,0.0676305557738721
19.2,202.517493715596,121.609682964366,1997.28,14.8611386653711,14.5444444444444,15.5587637216343,9.57437915129674,9.74676709874424,-5.84681429681502,-9.92043331486006,11.557860906704,3.17426883743974,-0.0598589330877117,15.5557218023188,8676.57953881619,20289.3667132871,417.915933826598,-4316.13483365159,0.070447842708992
19.3,203.406312286606,122.599363747269,1996.58,14.9172474236221,14.5194444444444,15.3821986969392,8.59911201133411,10.9181021319726,-5.41983294483381,-9.5954004644346,11.10501279973,4.60641046771545,0.922942747794192,15.3505931960013,8786.8363709584,19873.0202517487,1831.28901490921,-4041.62305899192,0.0690013951120907
19.4,204.233831132317,123.755845008832,1996.14,14.9959257131638,14.7527777777778,13.5781910980639,7.60803212092095,12.0118955158357,-4.76550116550267,-8.74465664321311,9.55788740662362,4.06755971193489,1.92684041367001,13.4978400631881,9014.5185531709,19478.4250069931,2548.0612914789,-3779.70444716078,0.0597692633013112
19.5,204.908091254366,125.023516716589,1995.73,15.2275818999448,15.0027777777778,10.2724579411699,6.79284628375749,12.950301016125,-4.24572649572725,-7.22680799548983,7.10331504722219,1.68509753110506,2.34738576600514,10.1104283397927,9408.29327617322,19105.9468531471,2672.33238044441,-3626.61462500206,0.0431287343168465
19.6,205.559362289803,126.413509737087,1995.38,15.4772985067061,15.4916666666667,6.87961799410403,6.23096854113932,13.5384352368996,-4.17523310023456,-5.14385218300599,4.19987468493863,-1.79749300276696,2.08779991942044,6.59016780339368,9749.35427859327,18750.5733146859,2310.90099996104,-3649.08027711239,0.0273648799998875
19.7,206.195304275113,127.77013773596,1994.94,15.6166091212574,15.6277777777778,5.78631212622995,5.85694719173484,13.6926367728088,-4.69961149961284,-2.52251741419759,1.41716673535771,-5.01098317313291,1.80450006749778,5.45242477977127,9842.28107898445,18392.986237763,1829.93017652975,-3865.87850000857,0.0225429642171676
19.8,206.754618764864,129.093404963403,1994.41,15.7511154987757,15.6138888888889,6.81005410522244,5.68951030097748,13.59461175575,-5.56000388500471,0.692337098291691,-1.0568625920471,-6.69182693439673,1.70007046101147,6.60055446823516,9860.69135577376,17999.7447272728,1498.38520870166,-4250.49358273435,0.0265800064142941
19.9,207.352242223865,130.45003089338,1993.79,15.9371771514596,15.8055555555556,8.32385575053742,5.89902283534212,13.4226435418392,-6.24722222222331,4.14573154146162,-3.3650192978629,-6.38561897288708,1.20351873192115,8.24604492060602,10045.5885984222,17545.8046993006,1195.23098781699,-4720.15837318887,0.0324275466489306
20,207.934538775421,131.762172896118,1993.13,16.066814587868,15.6833333333333,10.5805634443275,6.45729803837565,13.0580157150252,-6.77746697746828,7.67062851960325,-5.64032180232072,-4.61481861831578,0.445446389745748,10.5593486109443,10217.3248979021,17042.8009510494,1054.50975644381,-5159.70340065502,0.0409509525606801
20.1,208.593463085938,133.040960165878,1992.43,16.1209876082039,15.6527777777778,13.5103592772051,7.40629868093602,12.4725452011857,-7.03339160839282,10.6375840712381,-7.92149196390386,-2.57324269984593,-0.11893924495254,13.5049399502972,10379.6762244675,16500.1364475528,769.797505775467,-5497.76132068304,0.0519836511799689
20.2,209.390314519282,134.286389598968,1991.73,16.0897080952757,15.7722222222222,15.8440794555923,8.66054408508655,11.5407714753085,-7.11928904429073,12.2483656011507,-10.0273828604507,-0.681165813595791,-0.298128933500903,15.8440551256451,10408.7634034423,15941.9588811195,-45.6665198618584,-5660.61475116846,0.0611918784495801
20.3,210.35575039433,135.420629868104,1991.04,16.0078857096967,15.8138888888889,16.8785925097959,9.9513726186032,10.3508597488171,-7.0768842268858,12.4233987436075,-11.3389758602639,1.40487551385129,-0.229912942230203,16.8738904729843,10289.7805586206,15380.9092027975,-872.299995626656,-5608.67956574842,0.0658609489201913
20.4,211.42846987421,136.343596502364,1990.32,16.0522914599207,15.5666666666667,16.81445979343,11.2530564663149,9.12116415651533,-6.91730769230856,11.5825675651314,-11.5117942633444,4.00609280752087,-0.147832786126313,16.8058739221411,10249.6228517676,14829.2076083922,-1111.25871078049,-5346.65157546434,0.0652517344257447
20.5,212.600805503463,137.177607281741,1989.65,16.0790095558347,15.4972222222222,16.5589056297974,12.2810871467791,7.99304708126711,-6.61971639471739,10.3329223571952,-11.0339258628875,6.75873888155301,-0.375402696573096,16.5546214226931,10131.1507373369,14293.6959440565,-602.060956097876,-4873.65635679072,0.0640326403681843
20.6,213.888088357429,137.911546750241,1989.02,15.9273667815876,15.7472222222222,16.3919446484099,13.1068625333922,6.96583199711744,-5.7765345765358,9.26054564410942,-10.4045812535855,8.64192297277853,-0.0640553548676426,16.3904301746609,9999.49372216277,13829.0358041963,720.314251968308,-4275.15664726955,0.0646158706345601
20.7,215.229010994888,138.567649316794,1988.45,15.9452603459398,15.9111111111111,15.6098390912474,13.9773123028846,6.08075311502911,-4.6808663558677,8.53892834125518,-10.0317860839097,8.37359225208749,1.20128408144576,15.5595317141519,10173.8571848163,13436.4711608397,2525.02416456702,-3681.50775490306,0.0612132376338675
20.8,216.68488207595,139.157041132971,1987.98,16.1289295622535,16.2916666666667,13.5805650990175,14.8109169835101,5.15579818499314,-3.7678710178732,7.80899852334665,-9.74281602837666,5.34123827480366,2.80870088667536,13.3304368753793,10523.2610002162,13100.6353006994,4265.15457697533,-3248.73154090744,0.0510756728201
20.9,218.140760563696,139.657477372296,1987.64,16.4790141444053,16.3,11.243647254084,15.6161265488567,4.1009076617728,-3.29803807303946,6.76583049430985,-8.97487116866544,0.30794285572874,4.11646834035691,10.5313405925734,11044.6165734626,12809.051916084,5544.15575915851,-3083.23163512502,0.0385295218550357
21,219.749901737287,139.991126540794,1987.52,16.9582682169705,16.6611111111111,10.3374805469722,16.2575433806902,3.17920188569915,-3.62874902875039,4.88421558771345,-7.51201451913799,-5.15534480088641,4.37725052833268,9.29177430094489,11663.9865142383,12503.1079720285,5481.27646446573,-3253.33645198608,0.0325645195524712
21.1,221.466314362414,140.280294541151,1987.08,17.4369010129263,17.3138888888889,9.89876738034394,16.6447135895067,2.51382640788897,-4.54749417249543,2.35428505193849,-5.11810185576194,-8.13928565283382,3.63216690981272,9.20959478500346,12213.2484734015,12161.4364195806,3880.64079896907,-3678.14235969111,0.0302859563261948
21.2,223.098432920042,140.469378544104,1986.52,17.776493821334,17.3277777777778,7.8647448091826,16.7149237860701,2.22622350629249,-5.62663170163338,-0.212730680502478,-1.64085766215054,-7.68872828910603,2.02812487600586,7.69228793119738,12517.320154562,11771.4511888115,1295.11660737164,-4196.16756483541,0.0240463762801228
21.3,224.799516353534,140.680704453837,1985.91,17.8618260414365,17.5694444444444,5.42277357340271,16.5415302943328,2.29364155481157,-6.3373348873362,-2.62622536604169,2.30252340189766,-4.14822848199899,-0.66465265026379,5.3103415608869,12535.3208247349,11335.7316923081,-1954.99178290759,-4609.65656935127,0.0168687492319469
21.4,226.400975752546,140.96986199309,1985.13,17.5867880861922,17.3916666666667,7.80950045742728,16.1161017798847,2.60093114801417,-6.54228826728986,-4.58002273013509,6.13718703673069,1.5318695969917,-3.85924045407276,6.85391056757327,12101.7790291858,10845.0761958046,-4910.66947549159,-4712.12744323305,0.0219508720451476
21.5,227.971786875408,141.281262226166,1984.56,16.9961138950149,17.15,13.4650462598789,15.6032981837272,3.4124096154141,-5.81037296037387,-6.09155151082997,9.68224913754739,7.10313470307621,-6.07670418189846,12.3541218390304,11469.6047700448,10359.2502377627,-6639.27248149739,-4413.94472133872,0.0415964208393723
21.6,229.511950961855,141.659382994082,1984.07,16.426744929366,16.9,18.2608785158601,14.9777788662856,4.63243243271993,-4.90353535353663,-7.332342742836,12.6746604470674,10.9109768867929,-6.36827694111836,17.4195315443417,10750.7553691144,9933.02517482564,-6694.58986716857,-3761.77114251747,0.0634249549695931
21.7,230.990809342437,142.115340833614,1983.65,15.7956895567126,16.5972222222222,20.8406374730731,14.1441758929951,5.97581356528742,-3.70617715617899,-8.50502504933421,14.7028644022986,12.0756986365956,-4.8867554583791,20.3783964428854,9979.83747340346,9593.85986014017,-5374.01293816293,-2907.7742745365,0.0811996015949175
21.8,232.370049027132,142.760332682378,1983.23,15.416606327737,16.1944444444444,21.1080365985771,13.2686147868891,7.49547403394711,-2.3309829059845,-9.60526265602195,15.377726095973,10.808037679104,-2.42456308079348,20.9379875341366,9558.23696460872,9366.61544055975,-3340.34558871635,-2034.07908618205,0.0882238891425725
21.9,233.626684183058,143.750041429518,1983.14,15.3323523680428,15.8777777777778,19.5564268756679,12.2736733520599,9.07696009091702,-1.43065268065378,-10.5717670220332,14.5887873287552,7.6065010649803,-0.53578444887942,19.5233759495179,9433.66186387793,9222.24151049025,-1480.13244094742,-1314.92872349128,0.0831589268056071
22,234.783700492727,144.684143314287,1982.96,15.3710115265017,15.475,17.6321251651234,11.1728622277016,10.518660649217,-0.890462315463558,-11.2892787618183,13.0087156916289,3.77058867166723,0.477726690568272,17.6319485370026,9467.83859463475,9112.02193006991,-65.4712019009544,-867.157000668818,0.0746002528269578
22.1,235.856434024646,145.729447613312,1983.01,15.3865933829021,15.1277777777778,15.8401905526639,10.0135065796034,11.655524487437,-0.791006216007878,-11.6015899365175,10.7757816550445,-0.444159219653823,0.635366273016308,15.8330379646384,9477.8216051874,9028.40139860208,522.423946276759,-712.387057232243,0.0668537540797824
22.2,236.829539521506,146.974899795351,1982.98,15.3921965746549,15.2194444444444,14.3187504335048,8.87702586498807,12.5339577918581,-1.00897435897556,-11.3246292627893,7.92756321032779,-3.7327104875182,0.168976854740949,14.3169527491137,9481.70698557045,8961.48302097896,240.984131617188,-838.300313626274,0.0604329332388402
22.3,237.672370040303,148.275942869174,1982.69,15.398792482985,15.4444444444444,12.8112919623686,7.79216343307303,13.1866606064243,-1.58649961150087,-10.2111705745423,5.08512951066858,-5.83117956355145,-0.211709382690676,12.809213793061,9477.67071327259,8877.03927272759,-146.242504593209,-1199.47095277683,0.0540207100899416
22.4,238.36194765768,149.632580825585,1982.48,15.4210287128906,15.5083333333333,11.4269779139457,6.79010853789973,13.6632358064691,-2.24020979021132,-8.21735136901047,2.50440187835819,-7.53517962332031,-0.304654844743125,11.4196982213628,9508.23879131366,8726.77476923097,-375.969000687708,-1740.13063947676,0.0480341700393649
22.5,238.99788526473,150.989213664137,1982.28,15.3211458061597,15.45,10.1410813289848,6.0942862137162,13.7189175197997,-3.06406371406454,-5.40512678311167,0.200959390317897,-8.57821370117439,-0.254501265974368,10.135382127504,9389.03373153447,8523.47681118913,-467.00628449532,-2403.18279035662,0.0431881866119699
22.6,239.603169442317,152.390326196646,1982.02,15.1732477012289,15.6027777777778,9.12021430262099,5.72944072140304,13.5459549097643,-3.72935120435284,-2.02801784905345,-1.93292927994992,-8.6792417254254,-0.358185699165717,9.11414643158118,9274.09643283689,8244.53437762265,-705.181300890066,-3093.05057231768,0.0395833689389295
22.7,240.162472165183,153.691350549219,1981.55,15.1992179000282,15.4277777777778,8.44985243363708,5.69059367395784,13.3164495129445,-4.61579254079396,1.66225490345749,-3.8401077908042,-7.34101402676626,-0.512709703027702,8.43168151408134,9276.29921079858,7898.32598601438,-1081.93485500801,-3697.46560222956,0.0365094846293775
22.8,240.729436342633,154.981256692158,1981.01,15.2492976888364,15.2861111111111,8.92770540758992,6.05624669422961,12.8663365412748,-5.50639083139221,5.19461394987771,-5.60919365942436,-4.61051583312755,-1.00480743354417,8.86338794300207,9188.71464905989,7510.9567552449,-1631.83880941151,-4115.31087551121,0.0381480123138378
22.9,241.396014556143,156.271166552807,1980.47,15.1455441501841,15.3111111111111,10.8594635800375,6.74170957862493,12.2474445426573,-5.8255439005456,8.11333710469773,-7.1827734639043,-0.713775621556533,-1.92232947730798,10.729077855063,9012.36797428026,7084.32923076964,-2132.96025450238,-4288.38831303861,0.0465934925659139
23,242.070254690546,157.472113951009,1979.87,14.8823827737328,15.0861111111111,13.8755724459552,7.66935945535752,11.4452098870298,-5.62791375291519,10.2746137171213,-8.65020542821779,3.48393021120181,-2.6750400245324,13.7125086195663,8724.85039761581,6641.63983216831,-2368.89014901198,-4175.64904820108,0.0614725781805365
23.1,242.882425990685,158.584110455912,1979.24,14.5823451210846,14.8472222222222,16.5663138250635,8.81851562813803,10.506678830613,-4.94856254856437,11.4304508509044,-9.7713664666018,6.95039167751861,-2.48653062230968,16.4371095989364,8474.0895318679,6228.22036363694,-2047.73160872987,-3820.2690706963,0.0770234823325345
23.2,243.878513533565,159.540441174135,1978.86,14.3385717263899,14.5,17.6894034264705,9.99758829712972,9.42617484152582,-4.09757187257383,11.6273029985269,-10.3934513814764,8.34847213241808,-1.11126592217535,17.6487526983168,8249.80260784057,5876.08481118886,-1014.35650194737,-3277.47000114127,0.0858702521492269
23.3,244.92824558401,160.441178741695,1978.53,14.311111356105,14.3888888888889,17.4330898425787,11.1422009905715,8.38634651272633,-3.21379176379345,11.2529270833259,-10.8588661891004,7.70514624157018,0.667552989410704,17.4311621256054,8240.82293059166,5584.31848951109,506.768951645145,-2666.14042642709,0.085056794122881
23.4,246.069934006166,161.219602265427,1978.2,14.4729172733619,14.35,16.4136572821044,12.219513982667,7.3439850196899,-2.49292929293094,10.4819514994858,-11.1867735142532,5.86454912824584,2.1632784118965,16.3142616624518,8424.01999702373,5347.28693706308,2186.34059897578,-2127.64215462911,0.0776762203273403
23.5,247.372543946839,161.897956672568,1978.02,14.7140319690974,14.6972222222222,15.1662628799141,13.1482692356851,6.25646360283201,-2.1171717171722,9.40909237991728,-11.4076424271164,3.36900646836689,3.07251031670734,14.8633902375794,8679.38579761727,5160.25208391643,3553.44583818472,-1748.59432148305,0.0685985538337559
23.6,248.713472242289,162.498475437646,1977.82,15.068762587017,14.9277777777778,13.8684716031218,14.028179494485,5.13597460118379,-1.97472804972955,8.13469416357094,-11.1890802683467,0.982719807602841,3.63052461046234,13.3744934093285,9084.63253639274,5009.53023776253,4384.25803178025,-1559.31650643063,0.0589464731729522
23.7,250.154015599742,162.976679486595,1977.61,15.4805546352172,15.3222222222222,12.0365254257622,14.8333969796459,3.98340293442367,-1.93659673659757,6.48007903840445,-10.0981894237724,-0.955557608239107,3.73028993854594,11.4882734732268,9589.89741952547,4853.52151048976,4372.04541563314,-1539.94291000424,0.0477530458697839
23.8,251.663532230081,163.288090887736,1977.39,15.8408105440795,15.6833333333333,9.25977239911869,15.4042385666797,3.03239141601072,-2.10839160839316,4.48892054748561,-7.75781251143845,-2.32579496929776,3.18969571721993,8.7767669686444,10039.199540042,4693.21376223775,3686.64069797113,-1663.70658483709,0.034643175001291
23.9,253.24201461031,163.555026411704,1977.18,16.099711880715,16.1166666666667,6.02598676671973,15.7385305073548,2.33672299487209,-2.45745920746085,2.37924886958813,-4.4154470421814,-3.33998783634558,2.19482736123116,5.6792813011232,10359.815862466,4516.77096503535,2580.5804999272,-1895.54459386751,0.0216514166587976
24,254.835820137183,163.766363316216,1976.96,16.2474985494335,16.3333333333333,4.21312546634464,15.8662199043957,2.11501928580847,-2.78764568764713,0.454720779617968,-0.49090539734786,-4.15964747287557,1.09383292372304,4.0598053093855,10562.0989683374,4308.8264055947,1463.1084232363,-2197.75299721239,0.0154126700404648
24.1,256.414299242628,163.966577374247,1976.61,16.2524660322279,16.3416666666667,5.88112528540735,15.763844688236,2.34235061983311,-3.18704351204421,-0.983851581034848,3.50000222811801,-4.62273242707403,0.45665674634522,5.84976125666932,10580.9231492205,4075.67311888117,793.698042924006,-2547.60065659251,0.0221977375723075
24.2,257.977446641316,164.233509502004,1976.27,16.260761028615,16.2416666666667,8.63641190512225,15.5745250088695,2.9112188542172,-3.65668220668337,-2.03403944076309,7.07354134097797,-4.5183301169606,0.33427255414396,8.62416515252507,10591.5581169969,3807.61544055981,575.110614193426,-2909.89706228475,0.0326381899014592
24.3,259.509942971433,164.55603918382,1975.89,16.318932411469,16.0888888888889,11.1171321662339,15.340257440578,3.72375563120323,-4.13735431235581,-3.02978289406907,9.95710191064919,-3.90732194185035,0.41461903520644,11.1072302292903,10647.666001885,3499.93359440605,495.260744717702,-3235.98418928401,0.0417164198024257
24.4,261.011780943501,165.023124462445,1975.48,16.4271930836462,15.9972222222222,13.0373388430107,15.042929653373,4.83696659132652,-4.49073426573608,-4.36288313487508,11.9907433281068,-2.67572967587556,0.266891106617397,13.034285281795,10774.4870649757,3158.07910489518,147.058677032322,-3481.20492575,0.0483026780078354
24.5,262.50594832394,165.534686311801,1975.02,16.4887311946349,16.025,14.8596993477386,14.5717463441647,6.14777479199764,-4.66340326340424,-6.21656218758298,13.4835998609629,-0.597958244811552,-0.297385621213599,14.8589680393191,10844.8058710313,2796.74181818231,-396.883066331861,-3595.48224069581,0.0546447644330244
24.6,263.954134581682,166.20192365309,1974.52,16.4521686224725,16.025,17.5077039671046,13.8637532396236,7.56234347012761,-4.61315073815215,-8.81688355979393,14.9515550402574,2.28763291875238,-1.19859571882583,17.5006098560449,10768.0619485297,2443.83793007026,-630.812323628693,-3506.83217663406,0.0645301608115944
24.7,265.310359538942,167.035952772933,1974.05,16.3380369647955,16.0444444444444,18.8757780047847,12.9467130515191,8.96960878671313,-4.34283216783322,-10.4799123026703,15.0053920149539,4.61569538550918,-1.29349148646178,18.8658027441561,10599.2987044024,2094.84889510521,-598.632734595484,-3210.6942063989,0.0705477248279648
24.8,266.543980911509,168.036777135586,1973.65,16.1646963588759,16.0694444444444,17.7927294300846,11.7930650463378,10.3866531294773,-3.78661616161744,-10.4064557717489,13.2745043906229,5.66342935209473,-0.389216736404413,17.7870054139314,10412.1995643203,1780.21544056005,-335.422587127441,-2781.40882814123,0.0680774905681413
24.9,267.654997203912,169.148795883902,1973.31,16.1603997159166,16.0861111111111,14.3735868734421,10.6111744885623,11.8092309378971,-3.01721056721224,-8.60000774188783,10.2052316892296,5.33789402451963,0.813977687092942,14.3732794373567,10483.597169692,1519.40206993077,65.8010549556238,-2338.62320635085,0.0549494636509405
25,268.666395552992,170.360887502011,1973.05,16.3196655365378,16.1222222222222,9.51464470669543,9.601804668497,12.9957270620488,-2.29083139083255,-5.71581016661219,6.50445038523773,3.94336191844988,1.26316264501966,9.51158031176262,10742.2730664725,1317.69566433609,342.367914348236,-2011.27463804289,0.0354085938603584
25.1,269.585839134301,171.67305552461,1972.77,16.3196655365378,16.2666666666667,9.51464470669543,9.601804668497,12.9957270620488,-2.29083139083255,-5.71581016661219,6.50445038523773,3.94336191844988,1.26316264501966,9.51158031176262,10670.4799041251,1138.38075524516,342.367914348236,-2011.27463804289,0.0354085938603584
25.2,270.398002192866,173.152015780094,1972.63,16.3196655365378,16.5805555555556,9.51464470669543,9.601804668497,12.9957270620488,-2.29083139083255,-5.71581016661219,6.50445038523773,3.94336191844988,1.26316264501966,9.51158031176262,10627.2992147468,942.784447552702,342.367914348236,-2011.27463804289,0.0354085938603584
25.3,271.240813271335,174.642098565161,1972.41,16.3196655365378,16.9194444444444,9.51464470669543,9.601804668497,12.9957270620488,-2.29083139083255,-5.71581016661219,6.50445038523773,3.94336191844988,1.26316264501966,9.51158031176262,10612.4708136943,705.076027972471,342.367914348236,-2011.27463804289,0.0354085938603584
25.4,272.052968301223,176.076576061711,1972.01,16.3196655365378,16.9805555555556,9.51464470669543,9.601804668497,12.9957270620488,-2.29083139083255,-5.71581016661219,6.50445038523773,3.94336191844988,1.26316264501966,9.51158031176262,10629.2845175652,399.424783216804,342.367914348236,-2011.27463804289,0.0354085938603584
25.5,272.849786229785,177.466562878115,1971.34,16.3196655365378,17.0916666666667,9.51464470669543,9.601804668497,12.9957270620488,-2.29083139083255,-5.71581016661219,6.50445038523773,3.94336191844988,1.26316264501966,9.51158031176262,10689.7005666646,0,342.367914348236,-2011.27463804289,0.0354085938603584
